{"minzoom":0,"maxzoom":9,"center":[-16.523438,14.264126,9.0],"bounds":[-180.0,-85.051129,180.0,16.693735]}