{"minzoom":0,"maxzoom":8,"center":[-13.359375,13.238984,8.0],"bounds":[-180.0,-85.051129,180.0,16.693735]}